x,y,c
71.24,28,1
52.53,25,2
64.54,27,2
55.69,22,2
54.58,25,2
41.91,10,2
58.64,20,1
52.02,8,1
31.25,34,2
44.31,19,2
49.35,40,2
58.07,45,2
44.22,22,2
55.73,19,2
46.63,43,2
52.97,32,2
46.25,35,2
51.55,27,2
57.05,26,2
58.45,30,2
43.42,23,2
55.68,37,2
55.15,18,1
43.84,22,2
59.26,32,2
37.14,41,2
64.3,29,2
45.75,16,2
45.97,23,2
56.04,39,2
33.64,45,2
41.67,33,2
50.68,39,2
54.22,35,2
56.2,29,2
46.16,41,2
50.22,24,2
49.66,33,2
38.61,37,2
55.28,36,2
57.87,41,2
61.69,12,1
37.41,21,2
53.83,32,2
62.98,22,1
46.97,13,2
58.03,24,2
59.87,36,2
81.34,31,1
48.56,26,2
17.66,23,2
46.01,21,2
45.34,26,2
39.64,31,2
51.22,36,2
36.21,31,2
47.32,55,2
54.87,27,2
58.97,6,1
57.3,42,2
59.94,32,2
61.72,25,2
53.19,23,2
35.13,38,2
48.47,20,2
51.17,43,2
42.14,39,2
54.31,35,2
48.93,32,2
53.51,44,2
51.72,24,2
49.86,10,1
49.2,41,2
60.2,39,2
54.06,20,2
72.91,30,1
61.92,40,2
44.2,24,2
60.75,39,2
68.36,37,2
56.39,20,2
38.19,15,2
66.19,27,1
58.2,17,1
47.55,22,2
37.62,16,2
17.81,26,2
31.25,29,2
61,41,2
40.98,33,2
53.69,24,2
51.46,9,1
64.57,29,2
53.79,23,2
64.28,34,2
38.41,24,2
58.89,42,2
44.17,33,2
50.41,43,2
63.63,28,2
45.78,24,2
55.61,20,2
67.23,5,1
49.69,38,2
54.6,30,2
40.94,59,2
43.84,36,2
56.36,19,1
69.53,23,1
51.48,19,2
52.93,41,2
55.52,8,1
52.14,23,2
62.86,21,1
37.53,33,2
63.47,25,1
62.11,33,2
43.52,25,2
47.97,27,2
42.27,37,2
56.05,30,2
62.08,37,2
35.25,53,2
39.81,25,2
60.27,33,2
53.41,22,2
56.28,27,2
53.31,25,2
55.24,30,2
44.97,29,2
40.3,43,2
47.18,42,2
46.4,34,2
35.11,15,2
54.33,38,2
54.59,64,2
61.67,50,2
52.39,19,2
52.37,6,1
40.84,25,2
27.42,27,2
44.79,31,2
59.84,37,2
36,45,2
47.64,10,1
51.85,37,2
59.73,15,1
42.96,37,2
51.84,27,2
59.62,23,2
58.82,30,2
50.93,30,2
41.35,23,2
24.58,45,2
57.74,22,2
38.14,33,2
51.82,20,2
41.37,17,2
55.01,24,2
64.56,53,2
46.09,35,2
57.81,20,1
46.31,23,2
66.62,37,2
42.89,17,2
40.82,23,2
50.55,41,2
40.43,40,2
53.36,25,2
44.83,27,2
35.87,35,2
46.95,23,2
47.75,20,2
57.12,26,2
38.03,43,2
54.31,45,2
50.29,39,2
33.6,24,2
45.13,44,2
31.68,31,2
72.36,4,1
48.43,55,2
44.48,36,2
56.54,20,2
54.11,50,2
49.51,29,2
50.66,36,2
61.82,23,1
50.45,15,2
67.7,43,2
41.61,12,2
39.63,31,2
36.08,31,2
45.18,27,2
49.33,28,2
48.66,45,2
53.81,25,2
35.57,44,2
48.83,39,2
69.14,40,2
60.75,59,2
52.01,39,2
47.88,45,2
40.3,30,2
48.52,30,2
55.06,37,2
48.45,28,2
58.65,40,2
69.29,21,1
51.7,21,2
69.95,18,1
53.04,37,2
47.97,27,2
64.01,26,2
61.76,23,1
49.98,28,2
81.96,27,1
56.56,25,2
51.69,30,2
54.83,40,2
54.97,39,2
44.07,27,2
45.95,40,2
42.24,22,2
43.52,49,2
51.33,31,2
56.68,55,2
51.06,24,2
41.95,28,2
53.56,27,2
47.86,45,2
43.74,34,2
41.22,39,2
45.82,42,2
44.74,25,2
53.88,30,2
44.4,29,2
59.01,35,2
53.27,19,2
45.62,25,2
53.16,53,2
50.91,51,2
33.53,42,2
46.92,33,2
59.24,35,2
48.37,32,2
50.26,21,2
38.14,30,2
63.42,26,2
57.46,14,1
63.79,33,2
58.13,30,2
56.35,41,2
52.95,3,1
55.65,27,2
29.44,34,2
49.58,39,2
31.3,33,2
43.48,29,2
48.94,34,2
43.93,32,2
53.83,36,2
53.69,21,2
60.33,8,1
40.97,42,2
49.29,21,2
56.06,34,2
66.16,32,2
32.61,23,2
37.37,25,2
46.04,38,2
57.17,33,2
41.06,31,2
47.21,36,2
55.74,44,2
56.34,25,2
61.53,11,1
61.4,38,2
59.03,29,2
26.76,22,2
48.24,34,2
50.84,33,2
64.25,28,2
23.06,15,2
47.25,23,2
59.19,33,2
32.71,17,2
48.87,25,2
58.68,24,2
51.16,25,2
49.48,34,2
16.05,36,2
53.49,51,2
57.19,19,1
49.38,37,2
38.82,16,2
49.88,37,2
48.81,30,2
58.86,42,2
45.22,39,2
49.25,25,2
71.53,49,2
49.41,38,2
63.19,21,1
48.68,22,2
50.11,34,2
43.56,24,2
49.36,23,2
23.03,21,2
36.14,30,2
37.48,26,2
46.35,35,2
41.54,27,2
66.05,36,2
47.09,27,2
33.84,35,2
41.45,37,2
56.09,9,1
54.66,34,2
53.23,47,2
53.51,33,2
48.56,37,2
35.91,30,2
58.04,28,2
37.16,19,2
42.45,16,2
62.65,41,2
51.42,35,2
46.31,22,2
51.36,33,2
63.62,41,2
56.54,39,2
48.58,36,2
30.37,37,2
51.75,37,2
61.68,24,2
56.54,33,2
41.22,13,2
46.08,35,2
53.21,39,2
57.95,21,2
53.4,45,2
50.32,40,2
62.06,37,2
32.9,36,2
43.48,15,2
47.76,25,2
41.61,4,1
28.72,37,2
53.37,40,2
37.81,34,2
48.7,46,2
53.23,40,2
43.47,33,2
64.55,30,2
59.34,38,2
29.92,49,2
45.67,39,2
44.99,36,2
51.07,13,1
57.87,38,2
57.9,34,2
45.41,32,2
66.97,33,2
49.37,40,2
49.54,21,2
51.73,61,2
29.68,30,2
66.12,38,2
52.68,30,2
50.32,46,2
63.2,40,2
45.12,25,2
38.69,22,2
50.77,32,2
48,23,2
55.36,47,2
53.11,48,2
38.51,28,2
38.96,21,2
27.4,30,2
34.95,35,2
68.86,31,2
60.4,28,2
37.33,38,2
59.63,24,2
33.92,43,2
43.98,6,1
53.74,31,2
45.51,33,2
55.09,19,2
68.87,18,1
58.44,19,1
43.75,19,2
47.07,33,2
47.89,28,2
53.3,41,2
57.02,37,2
43.44,31,2
38.49,21,2
61.08,24,2
62.52,41,2
60.04,34,2
53.63,20,2
44.96,46,2
43.37,50,2
31.88,30,2
41.01,37,2
53.72,13,1
48.05,18,2
63.38,41,2
55.92,22,2
51.54,22,2
39.27,34,2
59.22,14,1
57.77,14,1
60.84,9,1
63.59,21,1
53.12,30,2
58.89,9,1
61.69,36,2
49.56,24,2
45.44,29,2
50.28,21,2
47.42,35,2
45.8,28,2
38.07,23,2
44.13,24,2
51.91,59,2
51.7,36,2
39.66,19,2
49.73,26,2
52.86,24,2
55.81,29,2
42.86,24,2
52.31,25,2
62.35,28,2
32.9,16,2
48.51,23,2
45.33,12,2
49.09,12,1
37.89,14,2
67.15,17,1
48.01,32,2
45.44,28,2
52.54,22,2
59.23,40,2
31.85,37,2
49.4,54,2
51.11,25,2
64.34,47,2
58.32,42,2
46.99,13,2
65.75,34,2
62.34,12,1
51.33,38,2
50,27,2
63.06,27,2
64.66,24,1
54.99,36,2
40.95,35,2
52.29,40,2
40.47,30,2
59.56,42,2
58,46,2
55.12,34,2
59.21,26,2
65.54,39,2
55.64,24,2
62.4,40,2
51.01,22,2
48.83,24,2
57.58,35,2
47.21,34,2
49.26,26,2
59.51,30,2
46.12,33,2
51.7,37,2
85.36,17,1
40.04,35,2
34.77,5,2
45.1,4,1
56,8,1
38.14,5,2
53.39,5,1
50.55,7,1
48.8,6,1
55.99,3,1
48.37,4,1
55.19,6,1
51.51,5,1
43.29,9,2
44.96,7,1
43.45,5,1
48.92,8,1
52.9,6,1
50.99,5,1
45.08,5,1
53.36,2,1
53.27,4,1
51.93,6,1
64.96,6,1
49.22,5,1
59.82,7,1
45.24,4,1
60.4,7,1
35.14,5,2
43.86,6,1
57.49,6,1
47.98,7,1
48.33,7,1
52.42,3,1
40.59,6,1
42.54,3,1
39.43,6,2
67.04,4,1
32.58,5,2
41.75,9,2
55.95,4,1
49.61,4,1
43.04,8,1
33.5,5,2
47.25,6,1
47.47,7,1
29.47,8,2
52.55,2,1
52.6,3,1
58.98,6,1
44.94,4,1
59.72,7,1
57.38,5,1
46.76,6,1
35.58,5,2
42.55,10,2
46.44,5,1
29.66,1,2
30.77,8,2
65.73,8,1
73.5,6,1
41.94,3,1
38.2,6,2
49.47,4,1
42.9,6,1
44.02,4,1
74.03,6,1
41.73,7,1
63.6,4,1
59.71,4,1
51.75,4,1
49.68,5,1
43.6,1,1
60.76,6,1
44.84,2,1
53.99,4,1
46.74,4,1
48.99,7,1
56.28,4,1
49.19,3,1
51.3,5,1
62.3,6,1
64.5,5,1
43.31,3,1
50.87,4,1
33.18,1,2
60.07,2,1
47.48,2,1
38.98,5,1
61.65,4,1
60.52,9,1
50.87,4,1
40.61,4,1
61.48,3,1
50.18,6,1
50.89,10,1
51.97,4,1
52.07,5,1
31.06,3,2
52.44,6,1
35.84,9,2
52.66,7,1
50.39,4,1
54.05,1,1
25.78,3,2
51.53,8,1
36.51,7,2
48.2,6,1
47.23,5,1
60.59,6,1
59.46,8,1
54.7,4,1
45.16,4,1
44.92,3,1
53.44,5,1
32.54,9,2
44.51,5,1
62.26,6,1
39.05,3,1
37.68,4,1
42.33,10,2
66.06,4,1
32.94,7,2
39.67,4,1
63.08,9,1
73.78,4,1
45.24,5,1
59.71,9,1
39.79,6,1
35.93,6,2
49.1,5,1
50.22,8,1
68.63,8,1
62.03,6,1
55.64,7,1
55.4,8,1
52.28,8,1
39.84,1,1
35.52,5,2
48.79,3,1
70.7,2,1
61.92,4,1
59.86,4,1
68.37,5,1
47.65,4,1
46.7,0,1
31.24,1,2
49.47,10,1
50.58,8,1
38.61,6,2
42.83,6,1
59.72,7,1
50.21,2,1
38.04,7,2
66.87,6,1
31.07,3,2
57.66,6,1
50.89,5,1
35.99,5,2
62.2,4,1
56.52,2,1
63.05,1,1
46.99,3,1
30.45,2,2
58.23,6,1
37.05,5,2
31.14,4,2
28.91,4,2
58.82,4,1
34.34,3,2
32.49,3,2
57.76,3,1
73.89,4,1
38.4,8,2
44.13,5,1
42.26,6,1
45.89,7,1
62.56,8,1
53.54,6,1
55.4,4,1
48.81,3,1
51.01,7,1
36.88,7,2
56.42,6,1
39.94,4,1
38.7,8,2
47.39,6,1
64.67,3,1
67.47,5,1
49.39,6,1
43.1,6,1
34.03,5,2
32.72,0,1
60.65,5,1
57.26,6,1
55.1,4,1
61.06,4,1
38.91,4,1
51.35,3,1
56.87,6,1
50.2,5,1
55.34,6,1
47.95,3,1
47.47,6,1
35.44,6,2
31.45,8,2
28.16,3,2
68.57,6,1
41.5,5,1
53.75,8,1
37.47,5,2
55.63,4,1
50.45,7,1
51.61,3,1
38.08,7,2
37.26,5,2
33.01,4,2
45.87,6,1
45.45,4,1
53.15,8,1
54.58,5,1
53.08,2,1
43.09,4,1
34.46,4,2
52.19,4,1
55.54,5,1
51.45,5,1
62.7,1,1
50.18,8,1
53.44,6,1
53.42,4,1
54.52,4,1
50.89,6,1
64.49,9,1
51.92,8,1
57.49,6,1
42.97,1,1
43.27,4,1
44.69,6,1
54.16,3,1
50.07,4,1
48.42,5,1
42.59,6,1
50.69,4,1
62.86,3,1
51.78,2,1
47.89,3,1
38.05,1,1
54.09,4,1
38.88,4,1
58,5,1
42.04,5,1
35.44,2,1
43.73,8,1
65.7,5,1
43.3,5,1
54.89,3,1
54.69,6,1
46.22,6,1
47.7,5,1
39.19,8,2
57.11,3,1
47.65,7,1
38.13,2,1
33.77,4,2
54.62,6,1
51.86,4,1
56.75,6,1
50.98,4,1
46.99,6,1
52.3,4,1
47.64,5,1
28.82,9,2
53.48,2,1
45.16,6,1
56.73,4,1
71.55,4,1
32.1,2,2
41.81,3,1
52.98,3,1
43.82,3,1
40.81,3,1
46.33,8,1
37.48,6,2
42.87,4,1
54.26,5,1
46.69,6,1
48.46,6,1
56.82,8,1
48.73,4,1
38.76,4,1
38.23,2,1
54.06,6,1
42.25,9,2
35.22,3,2
43.64,5,1
45.7,5,1
45.41,6,1
70.97,4,1
36.19,4,2
56.54,3,1
44.52,1,1
42.87,6,1
33.86,5,2
65.17,10,1
42.75,4,1
42.59,6,1
45.15,3,1
49.7,3,1
55.39,2,1
32.12,6,2
60.07,6,1
62.34,3,1
75.84,3,1
49.46,8,1
58.15,7,1
49.1,9,1
45.97,4,1
37.1,6,2
55.74,6,1
42.81,6,1
53.28,5,1
43.15,3,1
54.53,4,1
69.29,4,1
42.99,4,1
66.21,4,1
50.94,5,1
53.75,6,1
45.17,5,1
44.64,7,1
39.62,7,2
54.55,7,1
53.05,4,1
54.35,1,1
48.64,6,1
49.34,5,1
46.83,2,1
31.81,4,2
34.46,3,2
27.3,5,2
53.95,3,1
46.57,6,1
33.36,6,2
36.42,7,2
65.73,5,1
49.9,5,1
56.31,3,1
33.04,3,2
48.62,10,1
47.42,5,1
68.57,4,1
45.07,4,1
56.07,7,1
47.01,6,1
51.53,6,1
51.81,7,1
66.83,6,1
50.79,4,1
46.33,2,1
30.52,11,2
41.67,1,1
53.38,7,1
60.45,6,1
41.56,3,1
28.94,4,2
43.5,8,1
56.31,6,1
67.77,4,1
41.93,2,1
71.73,5,1
57.04,0,1
38.44,7,2
55.64,5,1
57.39,2,1
60.07,3,1
46.69,2,1
46.59,3,1
55.64,3,1
46.09,4,1
46.25,2,1
61.75,8,1
66.17,4,1
58.07,6,1
56.07,4,1
49.81,6,1
49.75,5,1
35.17,9,2
55.71,5,1
49.71,4,1
48.97,3,1
61.79,5,1
42.77,7,1
47.63,8,1
67.19,4,1
52.03,3,1
55.64,5,1
44.09,5,1
49.52,7,1
49.78,4,1
39.56,5,1
50.54,8,1
39.46,9,2
41.69,5,1
48.03,8,1
37.91,5,2
40.81,4,1
58.1,2,1
49.63,5,1
59.36,7,1
37.14,6,2
49.41,6,1
57.34,2,1
46.58,7,1
42.21,6,1
41.14,2,1
37.63,3,1
60.88,5,1
64.56,3,1
58.97,6,1
51.2,6,1
52.84,3,1
22.36,5,2
60.75,2,1
60.38,4,1
64.18,1,1
71.11,6,1
31.35,3,2
52.38,4,1
54.01,4,1
51.31,5,1
65.89,3,1
51.92,7,1
57.51,5,1
48.94,3,1
34.86,6,2
42.96,3,1
38.96,4,1
41.74,8,2
66.37,5,1
31.92,4,2
52.07,6,1
55.77,5,1
59.03,4,1
49.53,7,1
56.58,7,1
33.62,7,2
70.55,6,1
63.68,2,1
61.78,9,1
39.21,8,2
37.13,5,2
57.08,6,1
24.9,8,2
55.34,5,1
43.47,7,1
73.8,6,1
58.36,10,1
52.88,4,1
44.65,6,1
46.85,5,1
55.2,7,1
58.28,0,1
67.36,6,1
50.38,5,1
56.21,1,1
47.79,6,1
63.18,5,1
57.18,5,1
58.44,6,1
60.4,6,1
43.94,4,1
53.34,3,1
42.96,3,1
46.07,3,1
52.09,9,1
57.35,5,1
72.05,7,1
55.19,4,1
33.32,4,2
51.53,4,1
52.11,5,1
46.24,7,1
51.59,6,1
63.62,6,1
59.02,5,1
53.71,6,1
60.37,6,1
56,9,1
58.05,5,1
50.86,6,1
39.44,8,2
44.61,8,1
54.2,10,1
36.76,5,2
74.83,4,1
46.57,6,1
50.74,4,1
46.85,4,1
52.01,4,1
63.96,6,1
68.24,2,1
43.22,7,1
51.73,6,1
44.04,5,1
53.66,6,1
54.99,4,1
59.09,5,1
64.15,6,1
28.36,7,2
57.13,4,1
54.29,9,1
70.87,7,1
46.55,5,1
64.77,5,1
48.84,5,1
51.37,2,1
75.54,7,1
44.68,7,1
46.59,4,1
46.66,8,1
50.36,3,1
51.39,4,1
53.95,2,1
57.78,7,1
45.77,4,1
44.64,6,1
42.6,2,1
63.59,3,1
53.75,6,1
55.88,3,1
31.35,7,2
42.2,5,1
50.1,7,1
40.18,4,1
43.8,3,1
41.84,7,1
57.03,4,1
70.83,5,1
54.96,3,1
72.8,1,1
45.58,5,1
61.79,3,1
39.81,4,1
60.9,3,1
53.76,9,1
55.85,5,1
63.36,6,1
63.15,6,1
58.98,6,1
44.21,5,1
42.09,2,1
39.78,5,1
70.77,5,1
54.82,3,1
54.07,5,1
56.74,7,1
42.78,5,1
22.27,7,2
43.07,4,1
43.5,4,1
58.48,8,1
40.4,6,1
54.84,5,1
51.83,6,1
53.08,2,1
51.08,7,1
63.84,1,1
40.95,6,1
48.07,4,1
63.67,7,1
56.59,2,1
39.37,5,1
46.7,6,1
50.53,6,1
54.02,4,1
47.21,4,1
48.05,9,1
52.01,7,1
65.61,4,1
58.38,5,1
51.45,5,1
51.74,3,1
54.57,3,1
53.41,8,1
46.4,5,1
39.22,3,1
56.13,5,1
48.63,7,1
40.75,4,1
50.55,5,1
45.64,3,1
59.35,4,1
50.47,1,1
36.82,3,2
46.86,4,1
43.53,2,1
48.16,6,1
48.21,2,1
59.44,7,1
42.9,6,1
57.77,2,1
46.41,5,1
40.59,9,1
44.24,4,1
60.7,1,1
52.5,3,1
56.38,10,1
45.2,6,1
48.46,6,1
48.5,6,1
45.83,2,1
54.89,4,1
38.09,2,2
52.25,5,1
48.21,8,1
50.43,7,1
50.07,2,1
48.47,9,1
66.46,6,1
40.46,5,1
15.52,3,2
62.54,4,1
39.57,6,1
47.88,7,1
27.5,3,2
45.97,7,1
42.01,4,1
62.54,4,1
46.36,3,1
47.58,10,1
51.68,4,1
71.04,4,1
55.43,4,1
36.37,2,2
52.4,3,1
36.89,6,2
54.39,7,1
54.56,5,1
60.76,5,1
30.32,3,2
58.49,6,1
59.55,8,1
30.84,7,2
44.06,1,1
37.52,6,2
64.31,5,1
50.05,4,1
54.52,6,1
56.53,5,1
59.16,8,1
56.49,6,1
33.68,4,2
54.42,7,1
47.62,5,1
52.44,7,1
55.47,7,1
41.38,8,1
60.32,3,1
42.71,5,1
41.83,8,1
48.98,4,1
57.87,5,1
41.84,4,1
55.12,6,1
38.5,1,2
37.73,4,2
36.91,3,2
37.5,6,2
60.28,2,1
45.51,6,1
51.59,4,1
49.46,6,1
57.05,4,1
41.16,2,1
55.64,5,1
56.91,3,1
57.02,7,1
60.17,5,1
45.68,3,1
68.44,6,1
58.77,5,1
51.97,2,1
58.28,5,1
50.39,5,1
23.9,6,2
36.91,6,2
48.86,4,1
70.21,6,1
61.06,3,1
49.54,9,1
47.36,7,1
54.75,5,1
62.01,4,1
56.41,3,1
32.09,2,2
42.75,7,1
73.66,5,1
54.27,5,1
42.71,7,1
46.62,3,1
45.74,4,1
53.28,5,1
41.83,5,1
48.76,4,1
47.89,4,1
49.28,2,1
56.76,6,1
42.92,6,1
44.74,8,1
51.19,5,1
41.78,5,1
47.95,9,1
58.91,6,1
52.6,7,1
53.59,2,1
48.09,6,1
39.06,1,1
57.59,4,1
44.44,3,1
59.68,4,1
57.78,4,1
27.86,8,2
48.62,9,1
54.09,5,1
39.3,2,1
38.32,5,2
43.68,1,1
53.08,5,1
55.26,5,1
51.24,2,1
50.03,3,1
49.38,3,1
68.26,5,1
44.97,8,1
43.36,3,1
42,8,1
56.86,6,1
36.67,7,2
34.28,2,2
57.2,5,1
61.23,7,1
41.21,5,1
43.36,4,1
43.16,6,1
55.7,5,1
46.44,5,1
55.43,3,1
55.96,8,1
60.51,2,1
55.29,6,1
64.11,5,1
47.18,7,1
49.05,5,1
41.91,5,1
39.94,6,1
52.03,5,1
47.6,4,1
57.05,9,1
57.45,5,1
29.65,3,2
44.09,4,1
61.38,9,1
39.04,4,1
48.86,10,1
42.99,8,1
53.51,8,1
63.68,6,1
35.51,7,2
38.84,4,2
52.64,6,1
65.57,6,1
47.85,7,1
57.64,4,1
62.54,7,1
52.2,7,1
35.54,7,2
41.49,6,1
49.31,6,1
33.9,6,2
41.13,4,1
57.57,1,1
40.22,6,1
39.79,4,1
56.45,4,1
51.2,3,1
54.34,6,1
75.52,0,1
37.02,2,2
57.63,8,1
37.91,7,2
36.49,5,2
44.97,9,1
49.35,10,1
53,4,1
56.63,5,1
66.45,4,1
41.42,7,1
59.14,8,1
36.8,4,2
55.03,2,1
51.24,5,1
45.52,4,1
50.75,5,1
73.97,3,1
40.05,5,1
49.55,3,1
60.58,3,1
36.12,4,2
43.7,7,1
77.82,9,1
42.41,7,1
46.46,6,1
42.52,5,1
48.96,6,1
41.59,3,1
58.07,5,1
49.89,9,1
71.42,3,1
48.29,5,1
47.24,3,1
42,5,1
52.11,8,1
54.97,5,1
58.11,9,1
72.99,4,1
58.53,2,1
56.08,4,1
33.77,3,2
39.31,3,1
33.46,8,2
48.75,8,1
64.69,5,1
38.47,2,2
47.13,3,1
50.73,9,1
34.4,2,2
33.48,5,2
45.9,7,1
49.23,3,1
51.51,6,1
49.18,5,1
57.78,5,1
28.74,5,2
45.15,5,1
50.93,7,1
61.99,5,1
47.9,3,1
65.76,4,1
56.57,8,1
48.53,4,1
53.39,7,1
43.86,8,1
58.52,6,1
66.75,7,1
68.18,5,1
62.89,5,1
55.64,4,1
53.12,6,1
57.4,9,1
35.52,6,2
40,3,1
58.5,5,1
27.59,7,2
45.9,6,1
62.47,7,1
38.7,5,2
53.45,4,1
56.48,3,1
58.94,5,1
58.46,8,1
58.46,5,1
57.82,1,1
46.11,4,1
57.25,6,1
35.04,5,2
38.49,7,2
62.91,4,1
51.77,5,1
34.74,8,2
48.67,3,1
72.61,4,1
41.2,3,1
45.08,4,1
54.41,7,1
36.24,2,2
43.29,4,1
35.7,2,2
49.07,7,1
53.42,7,1
66.52,2,1
54.8,8,1
51.22,4,1
40.14,1,1
45.01,7,1
67.27,3,1
55.42,6,1
45,7,1
63.99,5,1
50.13,7,1
41.71,8,1
64.48,3,1
52.58,7,1
50.79,5,1
60.41,8,1
44.97,6,1
43.83,3,1
41.84,7,1
60.82,5,1
46.26,7,1
44.7,4,1
42.04,3,1
38.93,1,1
57.13,5,1
37.52,1,2
59.66,3,1
49.6,4,1
40.66,7,1
48.05,7,1
55.67,3,1
43.35,3,1
46.51,6,1
70.91,7,1
44.03,7,1
35.2,6,2
43.3,5,1
44.78,6,1
52.82,5,1
37.21,5,2
42.7,6,1
33.32,8,2
58.67,6,1
58.13,7,1
47.11,6,1
45.39,6,1
39.61,6,1
63.94,4,1
45.15,3,1
59.59,6,1
64.19,4,1
45.63,7,1
47.64,3,1
63.75,8,1
54.16,5,1
66.42,4,1
45.96,4,1
37.21,6,2
70.05,7,1
54.32,3,1
49.09,5,1
47.47,7,1
56.14,6,1
47.57,5,1
55.15,9,1
52.99,9,1
68.57,4,1
35.46,5,2
27.32,6,2
44.74,2,1
46.55,5,1
36.59,7,2
45.58,0,1
68.64,9,1
36.22,5,2
43.94,6,1
39.21,5,1
32.36,5,2
70.25,6,1
51.06,7,1
46.92,6,1
44.49,7,1
62.01,2,1
32.33,7,2
54.26,3,1
52.53,6,1
50.69,8,1
53.79,5,1
36.19,2,2
42.01,4,1
31.12,5,2
56.16,6,1
62.38,2,1
52.32,6,1
34.81,3,2
42.03,4,1
43.61,8,1
63.2,7,1
41.61,4,1
33.45,5,2
39.06,8,2
53.51,1,1
19.62,3,2
41.26,7,1
51.31,3,1
32.51,2,2
53.18,7,1
51.24,5,1
48.97,4,1
68.7,3,1
74.14,5,1
38.76,6,2
46.39,6,1
56.55,2,1
50.93,10,1
44.51,1,1
76.31,4,1
59.02,3,1
45.85,6,1
59.98,6,1
44.15,5,1
56.09,11,1
41.52,5,1
71.33,4,1
66.13,4,1
38.77,5,2
48.5,7,1
43.65,5,1
52.81,10,1
57.35,7,1
57.27,4,1
58.51,6,1
48.44,7,1
45.99,3,1
62.48,8,1
53.07,1,1
43.96,5,1
55.07,6,1
34.54,2,2
50.82,6,1
55.45,8,1
50.43,7,1
59.81,8,1
48.09,3,1
64.81,8,1
48.74,7,1
53.44,1,1
52.31,3,1
38.29,6,2
47.79,9,1
71.67,7,1
37.41,5,2
52.13,7,1
63.03,2,1
52.1,2,1
47.39,5,1
42.57,5,1
76.89,5,1
52.59,6,1
56.08,8,1
38.66,1,1
45.23,5,1
52.85,5,1
56.87,6,1
36.66,4,2
48.88,2,1
60.99,4,1
48.69,6,1
36.84,6,2
36.08,5,2
49.37,3,1
51.82,5,1
42.53,4,1
44.13,6,1
53.27,6,1
54.33,6,1
65.01,6,1
51.46,4,1
56.07,6,1
53.48,5,1
71.54,1,1
44.69,3,1
36.53,6,2
50.75,4,1
57.83,7,1
47.41,3,1
52.98,6,1
46.99,6,1
66.27,5,1
33.42,9,2
61.98,4,1
34.11,1,2
52.42,7,1
57.05,5,1
54.73,5,1
64.47,2,1
31.38,7,2
68.87,5,1
57.61,5,1
57.65,8,1
58.08,4,1
51.31,6,1
66.32,6,1
51.75,5,1
51.75,6,1
34.26,5,2
48.79,6,1
23.46,2,2
61.32,4,1
44.18,5,1
38.98,7,2
41.52,8,1
64.71,5,1
55.04,4,1
41.94,3,1
46.88,6,1
73.97,3,1
35.55,5,2
51.54,9,1
53.32,4,1
63.86,2,1
33.69,8,2
47.34,6,1
35.38,4,2
61.31,4,1
55.71,1,1
58.87,3,1
43.3,5,1
36.19,8,2
47.62,5,1
39.87,5,1
51.76,9,1
46.82,5,1
59.73,8,1
60.88,7,1
55.99,4,1
46.93,3,1
62.48,2,1
59.47,5,1
49.09,5,1
42.49,5,1
36.63,5,2
57.03,6,1
40.71,6,1
42.1,6,1
53.8,3,1
53.5,2,1
37.27,6,2
44.17,6,1
39.32,5,1
48.39,6,1
57.14,5,1
47.26,3,1
38.03,5,2
31.36,5,2
68.26,6,1
54.23,2,1
52.52,1,1
52.19,3,1
78.26,4,1
78.56,4,1
58.48,5,1
47.36,7,1
50.25,6,1
76.26,2,1
34.12,4,2
49.99,7,1
60.89,6,1
51.83,6,1
40.4,2,1
64.86,8,1
51.32,3,1
55.83,4,1
61.88,2,1
45.35,4,1
55.7,1,1
40.17,2,1
61.46,7,1
41.67,4,1
44.85,3,1
53.25,8,1
41.92,5,1
63.38,4,1
55.52,8,1
59.16,7,1
62.14,6,1
33.4,9,2
41.01,3,1
39.59,3,1
48.31,6,1
47.96,4,1
40.43,5,1
50.35,4,1
46.08,3,1
48.83,5,1
50.29,4,1
56.23,4,1
36.93,4,2
51.13,8,1
45.21,3,1
47.56,8,1
49.5,9,1
41.22,8,1
65.02,3,1
61.22,9,1
39.6,7,1
59.64,6,1
50.75,8,1
55.84,3,1
51.12,6,1
54.09,6,1
45.71,7,1
64.43,5,1
51.49,2,1
42.73,5,1
55.28,2,1
46.47,7,1
65.79,3,1
42.04,5,1
52.88,5,1
51.86,2,1
42.75,4,1
41.34,3,1
37.14,6,2
51.39,9,1
41.93,4,1
64.54,7,1
50.24,8,1
43.43,10,1
26.87,3,2
55.75,3,1
51.23,5,1
45.6,4,1
53.04,9,1
74.2,3,1
68.53,3,1
61.21,1,1
51.91,2,1
39.73,7,1
63.49,4,1
41.37,1,1
58.09,6,1
41.1,4,1
29.32,6,2
53.43,5,1
42.54,5,1
48.38,6,1
53.68,2,1
43.9,1,1
50.56,4,1
62.59,4,1
37.18,3,2
48.98,6,1
46.67,6,1
56.56,3,1
48.74,3,1
63.24,3,1
36.26,11,2
37.36,2,2
48.48,1,1
29.42,7,2
55.04,5,1
54.05,2,1
49.24,1,1
51.72,5,1
43.03,7,1
56.77,7,1
31.62,5,2
30.61,2,2
39.68,4,1
44.39,4,1
47.51,9,1
59.39,5,1
65.3,5,1
44.3,3,1
47.74,3,1
57.2,7,1
37.62,3,2
44.39,3,1
51.67,5,1
59.58,4,1
42.08,7,1
34.59,5,2
60.39,8,1
59.46,6,1
56.72,3,1
55.09,4,1
59.63,3,1
54.41,4,1
46.15,5,1
29.92,4,2
52.07,3,1
57.64,6,1
55.9,3,1
44.65,4,1
60.79,6,1
50.38,6,1
62.09,3,1
51.05,4,1
53.11,2,1
64.75,7,1
61.68,6,1
51.3,5,1
59.63,1,1
56.13,6,1
42.12,4,1
60.37,7,1
37.6,6,2
51.12,4,1
46.04,2,1
42.52,10,1
66.51,10,1
37.17,5,2
55.8,5,1
56.27,4,1
65.04,8,1
43.77,6,1
63.01,7,1
42.77,6,1
44.26,8,1
55.84,9,1
52.42,7,1
29.67,5,2
46.95,8,1
46.28,5,1
55.74,5,1
56.12,3,1
54.26,4,1
56.04,1,1
60.79,8,1
50.19,5,1
50.72,6,1
52.72,2,1
61.67,5,1
47.17,5,1
51.93,5,1
38.38,6,2
57.32,9,1
39.57,4,1
68.99,4,1
35.39,7,2
56.91,8,1
48.66,4,1
57.91,4,1
41.25,6,1
46.26,8,1
27.99,2,2
40.4,5,1
45.54,3,1
34.68,6,2
48.75,6,1
46.79,7,1
53.83,6,1
51.13,5,1
61.03,7,1
32.3,5,2
55.84,5,1
29.73,4,2
58.43,5,1
45.56,3,1
56.99,7,1
42.04,4,1
54.03,3,1
49.17,5,1
55.12,6,1
39.28,6,1
39.88,4,1
34.49,8,2
50.52,7,1
40.7,2,1
53.33,3,1
34.04,5,2
45.54,11,1
52.09,8,1
45.01,8,1
52.06,3,1
58.46,5,1
37.58,7,2
46.91,2,1
48.57,8,1
25.39,7,2
53.29,8,1
55.97,3,1
39.14,7,2
48.74,4,1
52.26,2,1
67.57,7,1
38.43,4,2
29.59,4,2
39.81,8,1
37.84,3,2
53.56,2,1
48.79,2,1
37.66,2,2
52.05,7,1
65.27,6,1
38.74,6,2
29.28,3,2
21.6,3,2
28.7,0,2
46.08,7,1
42.02,5,1
49.96,1,1
48.05,9,1
61.36,5,1
52.83,7,1
69.19,4,1
33.2,3,2
51.27,5,1
54.48,2,1
42.47,7,1
46.2,5,1
47.92,2,1
49.43,5,1
38.26,5,2
30.5,5,2
48.88,7,1
49.45,4,1
60.69,6,1
57.36,7,1
51.15,6,1
30.3,1,2
55.41,3,1
44.98,3,1
56.9,10,1
36.37,5,2
55.2,1,1
66.98,9,1
65.93,3,1
50.89,5,1
40.97,3,1
46.17,3,1
43.19,5,1
42.01,6,1
66.26,6,1
48.41,6,1
64.68,10,1
65.17,2,1
40.48,4,1
38.74,7,2
39.83,4,1
42.94,3,1
54.04,7,1
35.32,6,2
62.47,4,1
39.72,7,1
47.95,9,1
40.29,7,1
51.25,5,1
51.77,3,1
32.28,8,2
44.08,5,1
52.84,4,1
48.98,3,1
57,8,1
58.22,5,1
41.38,2,1
45.01,7,1
43.28,9,1
52.78,9,1
37.25,8,2
53.88,3,1
53.84,6,1
52.7,1,1
44.56,4,1
50.16,7,1
51.76,4,1
40.61,4,1
56.47,8,1
41.94,6,1
62.92,7,1
65.48,7,1
48.82,2,1
39.13,4,1
30.27,4,2
47.01,6,1
39.04,4,1
36.6,4,2
60.09,3,1
38.5,7,2
60.46,3,1
48.26,5,1
46.74,2,1
44.85,2,1
61.38,6,1
63.88,6,1
44.43,4,1
59.64,6,1
55.07,1,1
56.72,7,1
52.33,4,1
47.04,7,1
45.59,6,1
45.47,5,1
50.18,3,1
38.85,8,2
51.57,3,1
56.38,1,1
43.52,8,1
53.46,5,1
45.74,4,1
46.48,6,1
50.63,8,1
43.06,3,1
34.77,4,2
47.34,5,1
59.12,11,1
41.22,4,1
46.41,10,1
45.58,4,1
45.28,7,1
55.43,6,1
54.32,4,1
40.04,3,1
62.46,5,1
60.24,4,1
54.78,6,1
52.11,4,1
46.1,6,1
46.13,9,1
45.62,5,1
56.74,3,1
42.62,4,1
74.88,7,1
33.22,3,2
39.93,4,1
60.35,2,1
54.66,4,1
34.96,6,2
58.1,8,1
46.64,2,1
63,6,1
48.1,9,1
38.66,3,2
48.91,0,1
63.5,4,1
44.26,4,1
36.23,3,2
45.16,5,1
49.35,8,1
49.73,11,1
54.63,5,1
54.04,7,1
60.63,6,1
40.05,0,1
61.61,1,1
45.63,8,1
40.1,4,1
35.24,7,2
49.02,7,1
50.07,8,1
54.38,4,1
56.85,3,1
42.39,4,1
49.53,4,1
37.42,8,2
57.2,6,1
38.4,4,2
50.1,5,1
53.42,1,1
50.55,4,1
45.7,7,1
48.56,3,1
59.31,7,1
46.6,4,1
49.49,3,1
40.67,5,1
62.34,3,1
56.89,7,1
52.19,4,1
39.67,5,1
49.69,5,1
56.33,3,1
44.21,5,1
43.54,6,1
33.63,5,2
58.27,1,1
40.18,6,1
50.38,5,1
37.68,5,2
50.65,3,1
44,7,1
50.05,8,1
56.99,7,1
66.04,5,1
33.17,2,2
45.31,6,1
64.43,8,1
52.05,4,1
45.12,4,1
55.8,8,1
55.43,4,1
43.25,4,1
55.56,4,1
47.95,8,1
66.13,5,1
50.75,2,1
64.75,4,1
36.52,7,2
60.46,4,1
49.37,9,1
50.69,7,1
70.29,8,1
50.64,2,1
38.68,4,2
56.9,3,1
43.42,8,1
40,6,1
66.08,4,1
62.75,6,1
50.25,10,1
41.55,3,1
51.98,3,1
56.02,5,1
47.55,3,1
45.86,6,1
44.31,4,1
63.6,2,1
51.62,6,1
47.76,3,1
49.68,9,1
45.02,5,1
37.79,3,2
49.27,5,1
39.67,9,2
50.9,9,1
29.54,5,2
44.2,6,1
59.43,5,1
45.78,8,1
48.82,5,1
51.48,6,1
36.11,9,2
47.52,6,1
57.27,9,1
47.95,5,1
49.19,7,1
54,4,1
52.27,7,1
62.39,4,1
48.22,5,1
71.83,5,1
42.53,3,1
41.02,9,1
39.76,8,1
54.67,4,1
65.55,3,1
56.67,5,1
58.09,3,1
45.26,11,1
48.47,6,1
60.23,2,1
39.97,3,1
67.34,1,1
67.87,3,1
29.69,6,2
54.15,5,1
51.15,3,1
50.1,5,1
68.64,3,1
54.16,3,1
43.23,3,1
63.62,4,1
52.73,3,1
64.16,7,1
50.08,3,1
47.15,3,1
49.3,1,1
43.37,4,1
49.88,5,1
55.95,8,1
47.52,8,1
56.61,6,1
53.26,6,1
55.77,5,1
44.67,7,1
55.07,4,1
39.75,3,1
65.73,5,1
49.55,3,1
59.63,4,1
54.67,5,1
56.32,8,1
44.71,6,1
45.95,3,1
54.84,6,1
47.34,6,1
45.73,3,1
48.84,7,1
57.45,6,1
60.97,9,1
50.64,4,1
52.12,5,1
34.72,5,2
53.49,4,1
56.82,3,1
50.26,5,1
44.29,6,1
29.93,4,2
58.14,7,1
43.63,8,1
52.03,4,1
55.81,6,1
69.54,7,1
35.54,6,2
37.06,8,2
44.46,4,1
53.36,11,1
54.1,8,1
41.54,8,1
37.17,2,2
48.39,5,1
51.92,7,1
60.39,7,1
40.03,4,1
32.36,5,2
65.55,2,1
58.83,3,1
59.37,6,1
74.91,5,1
51.97,5,1
35.67,5,2
41.93,4,1
48.01,6,1
29.85,6,2
57.22,7,1
52.76,4,1
71.84,3,1
57.11,5,1
45.24,3,1
65.49,6,1
58.16,9,1
30.44,3,2
58.54,7,1
55.85,5,1
54.94,7,1
66.46,6,1
44.42,6,1
63.96,5,1
44.38,5,1
67.31,5,1
54.63,2,1
50.98,0,1
66.8,6,1
52.43,6,1
39.4,8,2
50.63,3,1
49.28,6,1
72.16,5,1
36.74,7,2
52.48,8,1
59.95,7,1
65.88,8,1
49.83,9,1
60.85,5,1
59.7,10,1
66.76,2,1
50.68,4,1
44.67,5,1
53.88,4,1
48.34,4,1
46.08,3,1
58.53,8,1
53.43,6,1
51.34,8,1
74.11,6,1
55.79,5,1
71.3,8,1
59.34,9,1
73.13,3,1
38.97,4,1
31.88,7,2
26.14,5,2
35.39,8,2
60.21,6,1
49.17,0,1
35.29,3,2
51.57,5,1
56.01,4,1
59.08,5,1
56.78,6,1
56.02,5,1
31.3,5,2
56.1,9,1
60.55,7,1
64.6,3,1
32.09,6,2
52.49,6,1
61.01,7,1
57.26,6,1
34.42,6,2
44.44,7,1
45.53,5,1
44.78,6,1
31.13,6,2
39.02,4,1
53.34,2,1
51.01,5,1
48.81,6,1
50.16,4,1
66.56,4,1
51.05,4,1
51.44,5,1
49.22,5,1
44.82,7,1
55.23,8,1
45.51,3,1
44.53,4,1
25.9,3,2
61.28,6,1
30.89,5,2
41.6,6,1
69.79,6,1
47.48,3,1
50.64,3,1
62.55,3,1
40.97,6,1
64.38,6,1
72.33,5,1
57.8,8,1
60.3,7,1
45.25,8,1
61.46,6,1
50.14,3,1
51.31,2,1
41.42,6,1
33.65,8,2
37.09,7,2
35.76,7,2
54.8,6,1
41.47,6,1
43.54,4,1
42.72,3,1
56.12,2,1
51.91,6,1
39.26,7,2
50.81,5,1
53,5,1
43.65,8,1
58.17,5,1
58.88,5,1
49.9,6,1
49.94,3,1
63.02,3,1
41.73,4,1
58.95,2,1
52.33,6,1
49.25,7,1
71.63,6,1
53.34,8,1
40.49,5,1
35.32,2,2
41.45,3,1
61.34,5,1
43.15,8,1
42.32,5,1
30.44,4,2
56.59,6,1
45.05,4,1
47.22,7,1
34.87,4,2
47.16,4,1
44.75,3,1
41.62,9,1
47.67,4,1
51.09,7,1
54.14,8,1
74.51,5,1
51.47,7,1
29.96,6,2
35.52,6,2
51.63,7,1
31.73,8,2
65.39,5,1
41.39,10,1
43.95,5,1
54.48,8,1
58.12,8,1
53.04,4,1
43.05,4,1
56.28,7,1
42.21,8,1
35.47,3,2
42.97,8,1
70.3,2,1
41.82,3,1
63.43,10,1
45.45,3,1
56.25,6,1
41.64,1,1
49.85,5,1
44.93,5,1
45.35,6,1
66.26,3,1
56.11,1,1
40.37,4,1
27.14,4,2
46.89,6,1
52.27,1,1
40.92,6,1
58.37,2,1
32.08,4,2
50.93,6,1
67.87,2,1
59.36,7,1
47.05,5,1
59.87,4,1
32.52,10,2
43.65,2,1
49.98,4,1
61.27,6,1
40.5,4,1
62.04,5,1
50.56,3,1
31.4,7,2
41.91,6,1
38.34,4,2
42.44,3,1
45.94,6,1
60.7,3,1
55.02,3,1
50.91,5,1
54.92,2,1
65.84,6,1
55.84,4,1
51.61,2,1
45.94,3,1
31.39,5,2
41.02,7,1
34.61,6,2
34,6,2
34.34,0,2
53.94,4,1
53.75,3,1
69.02,5,1
60.75,5,1
50.41,3,1
49.24,5,1
65.23,5,1
44.8,7,1
48.77,6,1
48.43,3,1
56.71,8,1
53.06,5,1
26.95,8,2
46.54,4,1
43.23,4,1
59.07,1,1
35.88,4,2
49.41,7,1
45,7,1
58.96,6,1
60.01,6,1
43.02,7,1
43.2,7,1
62.91,7,1
39.21,6,1
40.92,7,1
41.31,5,1
69.15,3,1
69.44,8,1
48.14,3,1
53.95,3,1
62.97,2,1
74.19,9,1
51.73,3,1
28.32,3,2
46.75,4,1
47.98,8,1
43.98,4,1
41.47,6,1
77.94,8,1
53.72,6,1
60.71,6,1
52.3,4,1
56.09,6,1
25.69,8,2
45.3,5,1
58.88,6,1
59.43,6,1
57.76,5,1
47.29,3,1
28.69,6,2
42.88,5,1
57.96,2,1
46.72,3,1
60.59,8,1
36.03,6,2
64.94,1,1
53.9,4,1
49.08,5,1
38.58,3,2
38.13,4,2
46.65,3,1
46.88,6,1
49.9,4,1
48.73,8,1
31.88,6,2
62.58,5,1
61.6,3,1
52.03,4,1
28.98,5,2
64.43,3,1
48.26,3,1
53.25,3,1
45.32,4,1
49.93,11,1
50.28,6,1
48.58,8,1
67.82,6,1
59.91,6,1
64.55,7,1
58.33,3,1
32.88,6,2
57.98,6,1
52.67,6,1
51.51,5,1
54.46,3,1
69.63,5,1
49.92,2,1
48.66,6,1
38.6,2,2
39.93,5,1
66.74,6,1
40.44,6,1
52.86,5,1
39.75,8,1
61.33,1,1
57.2,2,1
65.91,3,1
40,9,2
49.98,4,1
66,3,1
52.84,4,1
59.6,5,1
48.82,6,1
41.85,6,1
53.52,9,1
47.65,6,1
56.01,6,1
46.18,1,1
64.8,8,1
69.64,8,1
56.23,2,1
34.12,4,2
61.8,1,1
31.13,4,2
73.18,8,1
55.61,6,1
51.84,2,1
59.76,4,1
54.84,7,1
36.31,6,2
29.94,4,2
49.01,4,1
47.93,5,1
54.86,4,1
34.3,8,2
53.1,4,1
41.62,4,1
67.55,9,1
60.29,6,1
60.44,3,1
30.15,6,2
48.98,7,1
45.56,4,1
46.39,7,1
54.84,3,1
45.67,7,1
47,5,1
40.99,7,1
50.64,5,1
53.24,3,1
61.45,9,1
48.35,3,1
33.51,4,2
47.64,5,1
31.37,5,2
41.53,5,1
56.07,6,1
54.43,4,1
65.17,4,1
50.66,6,1
56.41,7,1
49.76,5,1
44,4,1
55.67,2,1
53.45,5,1
48.64,6,1
39.16,5,1
43.46,6,1
48.79,5,1
51.7,5,1
34.76,5,2
41.93,6,1
64.32,4,1
45.64,6,1
49.3,5,1
41.5,4,1
54.82,5,1
48.47,4,1
43.07,1,1
64.36,6,1
66.9,5,1
60.9,6,1
42.6,5,1
60.85,5,1
66.57,2,1
53.67,6,1
65.02,11,1
43.18,4,1
52,3,1
54.1,4,1
47.57,6,1
49.57,5,1
44.84,7,1
55.73,1,1
37.3,5,2
55.44,5,1
47.04,4,1
51.36,9,1
70.59,2,1
56.02,6,1
46.99,7,1
53.64,3,1
39.17,4,1
39.19,8,2
52.8,7,1
55.62,3,1
43.95,3,1
39.31,6,1
42.46,5,1
47.59,4,1
40.71,5,1
31.62,2,2
31.14,9,2
39.21,6,1
50.7,7,1
47.91,4,1
54.47,4,1
47.52,2,1
65.2,7,1
59.48,4,1
62.58,5,1
50.47,6,1
53.41,3,1
83.42,5,1
58.78,3,1
41.65,7,1
53,3,1
56.12,0,1
37.54,5,2
46.08,7,1
34.55,7,2
46.45,4,1
66.17,6,1
44.1,2,1
56.24,5,1
53.48,5,1
70.32,4,1
46.94,6,1
36.98,6,2
49.3,3,1
27.04,6,2
45.28,6,1
50.03,2,1
68.13,2,1
26.78,2,2
58.24,5,1
46.98,6,1
34.04,9,2
53.49,4,1
44.63,2,1
51.27,6,1
62.51,4,1
42.25,5,1
39.53,6,1
46.59,4,1
27.8,6,2
52.12,7,1
49.26,7,1
55.56,5,1
40.53,4,1
53.96,1,1
44.44,7,1
61.23,3,1
32.67,3,2
36.99,3,2
49.41,4,1
57.89,6,1
50.86,5,1
57.64,8,1
51.43,5,1
37.73,3,2
58.56,3,1
45.26,4,1
37.1,6,2
44.41,3,1
50.62,7,1
55.14,1,1
39.01,5,2
52.11,7,1
64.48,5,1
48.69,6,1
57.18,5,1
59.04,6,1
48.86,7,1
59.12,7,1
45.86,7,1
60.78,0,1
56.91,5,1
34.95,0,2
47.84,4,1
48.14,2,1
44.89,1,1
65.76,9,1
41.39,8,1
66.81,5,1
58.92,3,1
46.72,7,1
44.12,2,1
53.59,2,1
60.9,5,1
38.06,7,2
64.21,7,1
56.61,8,1
48.03,5,1
48.63,4,1
46.73,5,1
51.97,5,1
60.65,5,1
54.41,6,1
65.88,5,1
38.04,4,2
26.27,4,2
60.05,6,1
50.65,4,1
50.07,4,1
44.68,1,1
69.88,7,1
48.53,6,1
61.06,8,1
54.4,4,1
65.32,3,1
48.91,2,1
47.33,3,1
49.7,3,1
35.97,7,2
55.46,5,1
49.48,4,1
45.89,8,1
45.69,3,1
70.45,6,1
58.45,6,1
65.42,6,1
38.21,5,2
42.86,4,1
44.62,2,1
58.27,6,1
34.84,8,2
56.96,7,1
58.07,11,1
51.52,8,1
36.76,7,2
51.86,4,1
57.16,4,1
48.67,3,1
59,4,1
54.36,2,1
41.52,4,1
46.37,5,1
51.91,6,1
65.6,6,1
61.92,4,1
40.24,5,1
65.11,5,1
26.3,7,2
41.87,6,1
51.6,6,1
43.69,4,1
63.9,7,1
72.04,3,1
50.67,4,1
57.78,1,1
69.93,3,1
56.26,6,1
44.91,7,1
52.01,7,1
41.83,5,1
49.27,5,1
40.09,5,1
75.09,5,1
44.64,4,1
41.63,6,1
54.41,5,1
27.46,5,2
52.21,5,1
74.91,4,1
25.48,5,2
52.75,4,1
45.21,7,1
49.97,6,1
55.33,5,1
30.34,6,2
53.01,4,1
58.27,6,1
41.23,6,1
46.1,4,1
60.1,5,1
51.02,7,1
52.59,4,1
43.26,2,1
50.62,8,1
46.51,8,1
49.64,5,1
50.67,4,1
65.59,9,1
45.58,7,1
55.72,5,1
44.47,4,1
55.88,5,1
47.4,6,1
64.15,8,1
61.37,1,1
35.09,4,2
47.59,5,1
53.96,4,1
63.61,5,1
45.05,4,1
43.89,5,1
57.82,7,1
50.96,3,1
42.94,5,1
67.08,1,1
49.88,6,1
37.35,5,2
53.29,6,1
37.04,5,2
50.28,4,1
50.96,6,1
46.38,6,1
34.79,4,2
38.92,7,2
46.54,4,1
62.24,10,1
50.96,1,1
53.23,6,1
53.89,2,1
74.41,5,1
50.85,5,1
62.67,1,1
36.33,8,2
50.48,8,1
43.32,4,1
50.78,2,1
49.62,4,1
52.6,4,1
45.29,9,1
64.98,3,1
41.82,4,1
55.3,4,1
52.57,7,1
51.53,2,1
46.71,4,1
52.3,3,1
43.69,6,1
29.7,6,2
53.59,5,1
48.51,8,1
29.01,3,2
56.14,9,1
56.83,5,1
59.93,7,1
52.72,4,1
59.63,3,1
32.63,4,2
26.62,5,2
66.95,5,1
35.24,2,2
66.96,4,1
54.87,6,1
70.04,1,1
45.11,6,1
44.77,2,1
75.68,7,1
53.45,5,1
55.01,6,1
34.24,4,2
52.42,5,1
37,5,2
49.14,6,1
49.35,6,1
32.54,8,2
52.15,4,1
47.49,5,1
54.5,5,1
31.58,6,2
59.91,7,1
34.02,6,2
57.14,2,1
38.27,8,2
33.56,7,2
57.74,4,1
51.29,5,1
51.87,4,1
41.31,5,1
16.39,8,2
56.55,5,1
41,6,1
31.72,2,2
63.75,4,1
67.15,7,1
33.66,8,2
40.32,6,1
52.41,3,1
56.56,4,1
50.32,5,1
50.72,5,1
25.17,6,2
45.32,6,1
45.15,7,1
38.63,4,2
63.43,4,1
32.45,6,2
34.68,7,2
49.89,2,1
66.63,9,1
34.11,5,2
56.86,4,1
46.14,5,1
69.49,1,1
67.46,4,1
37.83,7,2
52.81,5,1
35.42,3,2
48.84,4,1
58.43,2,1
37.76,5,2
29.88,4,2
49.48,2,1
36.84,5,2
53.5,5,1
48.95,2,1
51.91,6,1
72.14,6,1
51.91,6,1
32.58,6,2
52.68,3,1
58.94,5,1
63.95,3,1
36.88,5,2
57.25,3,1
44.51,6,1
58.4,7,1
38.4,4,2
44.95,5,1
47.87,4,1
35.83,6,2
24.58,4,2
48.71,5,1
56.67,3,1
48.72,6,1
47.6,1,1
55.05,6,1
62.81,6,1
50.86,4,1
51.63,4,1
27.83,5,2
50.4,7,1
53.69,5,1
48.17,4,1
38.25,6,2
54.66,3,1
42.41,7,1
52.04,1,1
67.41,4,1
50.71,7,1
48.45,6,1
58.03,4,1
64.12,4,1
41.6,7,1
42.32,6,1
69.72,4,1
60.39,7,1
57.86,6,1
58.88,6,1
54.94,7,1
48.64,4,1
69.66,4,1
55.4,9,1
42.27,4,1
58.67,1,1
58.64,1,1
49.85,8,1
37.14,2,2
33.95,5,2
40.72,6,1
56.34,6,1
72.41,7,1
48.52,7,1
68.6,4,1
61.86,7,1
52.59,5,1
50.94,6,1
58.56,7,1
62.48,7,1
27.48,5,2
37.26,1,2
70.3,3,1
42.54,5,1
54.23,5,1
52.43,11,1
54.87,4,1
33.42,4,2
67.51,7,1
52.69,1,1
55.16,7,1
52.11,4,1
54.27,6,1
56.07,5,1
46.64,5,1
39.64,4,1
43.58,7,1
54.64,5,1
39.87,4,1
52.7,7,1
45.53,4,1
50.34,6,1
53.39,4,1
44.5,8,1
62.6,6,1
53.76,4,1
54.1,7,1
56.2,6,1
49.33,7,1
72.9,7,1
45.83,2,1
57.25,0,1
66.67,5,1
34.86,3,2
51.34,6,1
49.93,5,1
49.43,7,1
49.56,4,1
64.63,8,1
68.18,5,1
56.45,6,1
35.82,5,2
51.35,6,1
48.34,5,1
45.94,6,1
42.37,5,1
60.81,6,1
36.82,5,2
47.77,6,1
59.02,3,1
60.99,4,1
63.68,4,1
40.54,5,1
47.81,6,1
49.72,4,1
58.11,7,1
60.73,5,1
47.39,7,1
63.15,0,1
71.55,4,1
55.78,7,1
44.77,3,1
36.18,5,2
55.18,5,1
67.74,1,1
59.16,8,1
55.51,8,1
40.01,1,1
49.71,6,1
56.49,4,1
55.05,7,1
57.91,7,1
50.49,3,1
56.18,6,1
51.35,2,1
48.29,5,1
30.16,5,2
57.01,7,1
42.9,6,1
64.85,6,1
61.21,7,1
31.6,5,2
43.61,3,1
35.6,1,2
55.47,9,1
37.15,7,2
48.09,5,1
49.65,11,1
31.25,4,2
54,6,1
47.68,4,1
48.19,6,1
37.64,7,2
63.66,1,1
34.94,5,2
34.41,4,2
47.46,2,1
60.78,6,1
55.58,4,1
44.49,4,1
36.07,5,2
49.26,7,1
64.9,6,1
53.25,3,1
54.25,7,1
48.47,3,1
50.56,5,1
45.67,7,1
59.67,3,1
47.77,5,1
51.2,9,1
52.57,5,1
56.52,7,1
63.71,6,1
63.72,8,1
65.08,3,1
48.42,5,1
41.08,2,1
46.2,5,1
47.74,7,1
50.78,5,1
62.3,5,1
38.42,2,2
51.55,6,1
41.31,6,1
57.2,5,1
51.97,7,1
34.74,4,2
62.81,4,1
55.97,4,1
54.99,6,1
58.13,4,1
66.86,6,1
45.03,11,1
53.54,7,1
23.2,8,2
64.13,6,1
53.11,3,1
62.58,8,1
57.68,2,1
29.13,5,2
58.83,5,1
44.83,7,1
40.46,7,1
58.92,4,1
56.04,6,1
41.14,6,1
48.35,7,1
56.17,1,1
47.57,5,1
44.22,5,1
52.85,4,1
41.15,7,1
47.82,4,1
66.89,3,1
43.25,7,1
74.47,5,1
47.43,2,1
49.34,3,1
56.37,3,1
50.64,4,1
60.36,5,1
45.74,5,1
60.32,5,1
59.08,5,1
40.87,5,1
63.55,1,1
54.65,4,1
53.47,4,1
41.7,5,1
55.76,7,1
53.33,5,1
49.58,4,1
40.9,5,1
54.32,5,1
52.11,11,1
54.34,3,1
41.75,5,1
49.19,5,1
46.8,6,1
30.97,8,2
42.42,4,1
30.31,6,2
32.95,10,2
58.13,6,1
64.32,3,1
39.93,4,1
40.63,3,1
48.81,6,1
40.34,2,1
54.29,9,1
47.92,7,1
55.11,6,1
58.93,6,1
34.04,6,2
50.3,8,1
51.38,4,1
42.02,1,1
39.33,6,1
49.76,7,1
46.96,1,1
58.61,5,1
32.53,4,2
38.94,8,2
46.81,9,1
50.56,5,1
37.57,6,2
49.86,5,1
53.57,4,1
35.15,5,2
36.91,6,2
60.04,5,1
41.25,3,1
49.53,7,1
44.54,7,1
53.61,3,1
62.81,7,1
49.22,8,1
52.34,7,1
55.11,3,1
50.03,9,1
54.39,3,1
47.56,5,1
39.39,8,2
46.85,7,1
37.68,7,2
50.56,5,1
179.22,95,3
192.34,69,3
140.25,92,3
184.28,70,3
200.58,50,3
197.99,95,3
199.81,32,3
168.45,70,3
197.87,74,3
172.08,87,3
164.31,45,3
162.56,56,3
165.2,74,3
211.36,5,3
157.51,59,3
208.47,26,3
180.95,85,3
167.83,70,3
144.23,49,3
163.82,79,3
186.28,4,3
182.21,72,3
149.08,78,3
171.83,50,3
212.8,51,3
185.3,49,3
170.11,49,3
175.82,80,3
234.52,88,3
164.03,86,3
200.77,79,3
168.47,56,3
184.79,89,3
158.61,71,3
192.11,68,3
176.49,82,3
190.97,76,3
175.93,53,3
157.99,44,3
197.56,57,3
140.32,56,3
162.56,23,3
181.12,58,3
197.26,76,3
156.85,58,3
164.13,99,3
187.37,86,3
174.32,28,3
145.21,96,3
178.05,29,3
183.7,74,3
121.07,57,3
171.16,51,3
148,66,3
162.93,75,3
163.17,91,3
184.96,65,3
178.28,71,3
190.13,52,3
167.55,70,3
176.01,70,3
157.02,21,3
173.72,84,3
224.47,52,3
219.46,75,3
156.79,46,3
193.01,43,3
191.2,70,3
183.98,61,3
181.04,58,3
192.37,99,3
185.03,41,3
202.94,80,3
178.47,99,3
213.93,47,3
188.36,63,3
164.08,71,3
173.91,75,3
175.29,34,3
208.65,45,3
212.49,25,3
183.78,56,3
162.3,74,3
164.83,53,3
172.53,76,3
179.26,79,3
187.12,99,3
191.47,93,3
202.02,38,3
188.06,75,3
201.54,90,3
165.23,57,3
183.92,29,3
166.22,77,3
167.75,41,3
219.54,39,3
209.43,64,3
145.28,91,3
185.5,67,3
168.77,55,3
174.41,36,3
169.45,67,3
159.2,46,3
184.76,56,3
228.21,61,3
151.81,67,3
158.47,100,3
186.03,65,3
169.85,99,3
154.52,51,3
198.3,99,3
149.71,78,3
182.53,99,3
204.62,38,3
224.94,27,3
177.2,87,3
182.4,83,3
189.88,97,3
214.17,73,3
159.8,58,3
150.8,8,3
149.55,7,3
154.72,19,3
188.1,15,3
151.59,4,3
209.27,11,3
184.26,7,3
184.77,15,3
168.27,14,3
178.52,17,3
190.16,12,3
176.3,18,3
195.01,10,3
176.1,5,3
186.4,19,3
158.63,13,3
190.1,6,3
198.1,3,3
165.93,1,3
162.35,13,3
203.98,11,3
177.21,16,3
192.25,12,3
164.47,7,3
210.88,12,3
171.76,12,3
180.06,8,3
166.36,1,3
203.85,12,3
200.37,1,3
149.51,10,3
180.26,15,3
203.91,12,3
203.13,11,3
139.35,6,3
158.88,20,3
194.37,15,3
170.38,16,3
179.61,15,3
221.45,3,3
181.05,4,3
179.97,0,3
192.78,7,3
174.71,9,3
168.64,5,3
156.17,17,3
186.51,15,3
173.21,14,3
166.02,12,3
159.14,8,3
207.13,13,3
183.67,14,3
171.29,14,3
200.64,10,3
179.25,12,3
177.43,10,3
180.8,9,3
166.45,17,3
156.41,10,3
172.5,5,3
158.02,8,3
179.76,8,3
163.26,13,3
177.75,12,3
184.44,5,3
187.98,15,3
146.8,18,3
196.9,1,3
171.24,1,3
220.23,2,3
200.41,7,3
207.52,10,3
183.1,14,3
175.04,10,3
173.26,19,3
159.7,11,3
175.37,18,3
198.44,3,3
168.76,5,3
165.87,3,3
145.73,9,3
179.68,0,3
184.94,11,3
227.52,7,3
149.36,9,3
182.32,15,3
200.6,18,3
183.21,13,3
195.43,9,3
185.17,4,3
179.33,5,3
196.17,12,3
183.14,9,3
156.71,17,3
174.79,10,3
174.48,4,3
220.39,7,3
189.07,4,3
152.64,16,3
185.33,8,3
176.88,7,3
171.65,15,3
166.33,8,3
163.94,0,3
192.77,14,3
206.13,9,3
173.2,16,3
171.41,12,3
202.04,7,3
168.84,7,3
178.48,7,3
188.51,13,3
187.13,19,3
192.89,15,3
163.5,9,3
174.78,14,3
182.67,9,3
193.88,9,3
147.55,12,3
182.63,12,3
169.78,15,3
225.68,2,3
206.08,15,3
154.75,13,3
165.07,8,3
197.07,14,3
183.97,11,3
165.07,4,3
213.82,7,3
155.84,13,3
188.57,9,3
199.02,9,3
189.61,16,3
178.34,9,3
187.46,7,3
193.3,7,3
169.02,4,3
165.71,6,3
169.48,1,3
174.91,12,3
171.99,13,3
179.52,8,3
172.02,14,3
161.32,9,3
164.26,11,3
206.47,21,3
158.71,9,3
207.08,4,3
177.63,7,3
193.4,12,3
190.06,19,3
171.15,5,3
198.13,16,3
160.23,4,3
167.46,14,3
195.66,4,3
175.16,13,3
194.29,10,3
188.86,6,3
182.61,10,3
180.45,4,3
191.98,10,3
184.19,14,3
211.8,9,3
199.29,21,3
201.79,1,3
187.37,14,3
215.94,8,3
182.43,9,3
210.69,2,3
212.54,13,3
205.43,7,3
185.52,16,3
188.19,3,3
179.74,11,3
217.21,8,3
170.23,13,3
180.18,11,3
191.03,1,3
199.33,9,3
206.15,14,3
170.85,16,3
137.67,4,3
197.27,14,3
148.83,1,3
181.67,8,3
166.1,18,3
185.73,3,3
184.66,8,3
175.8,7,3
189.2,4,3
205.78,9,3
156.87,16,3
185.54,8,3
186.14,11,3
183.3,16,3
190.39,13,3
166.15,11,3
162.71,10,3
189.62,8,3
212.42,7,3
186.3,9,3
152.55,17,3
174.29,10,3
146.35,16,3
134.81,20,3
191.22,8,3
187.7,17,3
219.29,17,3
206.59,10,3
218.79,8,3
171.7,14,3
168.33,10,3
160.71,11,3
217.76,4,3
140.49,7,3
170.73,11,3
196.13,17,3
170.58,22,3
160.52,19,3
181.77,18,3
195.7,12,3
159.86,9,3
162.96,22,3
177.53,4,3
179.4,2,3
156.38,6,3
196.12,8,3
204.96,7,3
184.1,19,3
186.88,9,3
193.86,6,3
171.51,8,3
169.25,9,3
155.86,6,3
176.54,3,3
168.36,13,3
149.91,5,3
189.38,6,3
194.15,12,3
186.47,10,3
185.5,13,3
186.69,15,3
179.23,6,3
158.05,8,3
189.13,6,3
181.82,6,3
150.31,14,3
177.95,8,3
160.49,6,3
184.62,6,3
197.02,8,3
184.32,11,3
195.47,14,3
191.27,8,3
208.19,17,3
178.37,6,3
169.24,4,3
166.62,14,3
189.78,17,3
145.39,15,3
164.47,10,3
163.39,6,3
159.11,15,3
169.56,17,3
188.25,18,3
184.12,7,3
199.37,7,3
175.81,8,3
175.06,9,3
190.85,9,3
188.89,1,3
192.77,14,3
179.24,7,3
170.86,7,3
171.29,19,3
168.9,5,3
161.76,5,3
169.54,12,3
173.72,10,3
180.98,8,3
181.89,17,3
172.85,13,3
244.79,9,3
176.79,8,3
148.44,7,3
216.66,9,3
161.14,10,3
183.38,3,3
175.29,11,3
167.02,10,3
234.09,7,3
168.98,14,3
242.37,15,3
160.78,11,3
190.56,11,3
195.33,14,3
196.23,4,3
209.76,15,3
172.78,5,3
201.99,15,3
162.56,13,3
191.81,7,3
170.72,1,3
189.45,21,3
189.77,16,3
201.69,14,3
191.59,12,3
154.93,14,3
149.19,16,3
165.07,12,3
156.57,7,3
162.34,9,3
177.82,12,3
205.07,15,3
155.83,10,3
181.53,13,3
195.87,3,3
170.3,6,3
167.89,15,3
187.17,7,3
153.81,18,3
164.53,7,3
174.81,13,3
152.1,10,3
157.26,18,3
203.03,10,3
172.78,8,3
164.95,11,3
182.99,5,3
170.9,0,3
150.57,15,3
187.45,4,3
135.98,14,3
187.55,5,3
241.71,22,3
168.04,12,3
156.01,14,3
189.75,9,3
178.42,3,3
211.26,6,3
171.7,12,3
145.07,6,3
194.55,6,3
157.26,10,3
153.34,9,3
193.78,6,3
200.72,20,3
193.21,14,3
176.23,16,3
172.11,12,3
193.31,8,3
174.3,12,3
164.4,10,3
162.68,5,3
173.55,3,3
172.15,8,3
202.84,17,3
197.95,10,3
167.21,5,3
136.52,13,3
199.92,0,3
152.09,24,3
170.87,15,3
137.16,16,3
164.38,8,3
212.41,12,3
163.36,15,3
158.31,4,3
162.26,14,3
211.99,6,3
160.26,20,3
228.96,13,3
182.69,11,3
162.8,11,3
193.58,16,3
161.26,10,3
201.12,19,3
181.35,13,3
168.64,9,3
175.58,9,3
160.2,9,3
192.22,6,3
197.6,10,3
189.82,7,3
205.8,13,3
193.33,12,3
132.03,15,3
190.33,14,3
173.9,11,3
179.11,6,3
209.64,7,3
161.9,15,3
166.62,9,3
161.64,10,3
162.9,10,3
178.88,10,3
171.97,12,3
179.56,17,3
188.59,16,3
151.09,13,3
194.87,8,3
200.21,5,3
196.39,6,3
193.05,11,3
183.61,6,3
166.8,8,3
190.45,14,3
184.29,7,3
197.44,15,3
170.72,7,3
168.56,5,3
168.22,9,3
165.22,16,3
143.37,10,3
224.24,16,3
173.49,8,3
190.04,16,3
178.39,11,3
194.68,2,3
170.72,1,3
181.64,17,3
207.34,9,3
189.85,9,3
142.83,5,3
168.14,1,3
161.94,9,3
151.65,1,3
177.29,10,3
173.02,3,3
182.6,10,3
208.78,11,3
160.5,14,3
170.45,1,3
164.37,7,3
180.1,14,3
192.31,12,3
167.88,6,3
231.57,13,3
189.68,10,3
192.61,10,3
218.21,11,3
168.88,14,3
150,8,3
178.17,10,3
190.84,1,3
211.34,15,3
161.98,9,3
208.42,7,3
185.7,17,3
165.15,9,3
166.68,14,3
213.12,3,3
217.91,3,3
159.47,22,3
176.44,5,3
173.35,6,3
194.1,4,3
176.01,16,3
193.08,9,3
180.84,21,3
191.52,9,3
141.96,15,3
154.33,3,3
185.15,10,3
185.38,7,3
208.96,18,3
176.97,4,3
162.58,1,3
184.14,9,3
154.74,1,3
180.91,11,3
184.74,1,3
186.24,4,3
181.3,11,3
180.36,13,3
163.72,6,3
177.04,6,3
154.59,19,3
196.37,17,3
219.84,15,3
189.97,3,3
168.09,5,3
190.94,20,3
192.12,16,3
218.67,1,3
188.26,14,3
200.32,9,3
188.22,12,3
207.01,18,3
173.38,11,3
161.51,5,3
169.75,5,3
169.66,11,3
150.46,14,3
176.96,23,3
200.62,8,3
197.08,14,3
196.95,11,3
116.58,4,3
174.58,5,3
187.16,11,3
184.46,4,3
170.72,15,3
168.24,10,3
187.67,17,3
218.58,9,3
155.02,9,3
153.84,9,3
180.65,16,3
168.76,7,3
153.5,1,3
159.53,15,3
207.44,13,3
229.3,15,3
180.6,13,3
165.09,4,3
205.4,11,3
171.19,10,3
188.24,3,3
189.25,7,3
160.94,13,3
185.58,3,3
171.79,6,3
179.7,9,3
193.68,8,3
195.95,4,3
169.72,6,3
207.05,13,3
205.62,11,3
166.64,11,3
168.34,9,3
185.5,13,3
191.31,7,3
140.59,3,3
188.61,9,3
167.46,11,3
186.26,4,3
188.34,18,3
157.73,12,3
175.69,16,3
134.54,10,3
190.28,10,3
168.01,3,3
188.49,11,3
164.43,12,3
186.42,14,3
201.97,17,3
201.38,1,3
196.34,9,3
171.64,16,3
183.96,6,3
192.31,8,3
180.63,12,3
194.13,11,3
175.76,5,3
163.89,8,3
164.29,12,3
170.9,15,3
166.87,15,3
164.77,6,3
184.45,12,3
191.82,7,3
183.61,14,3
171.42,4,3
186.55,8,3
200.37,6,3
166.72,9,3
192.38,10,3
151.88,4,3
196.56,1,3
172.43,11,3
169.64,9,3
177.33,1,3
156.76,15,3
165.76,5,3
176.43,11,3
159.11,16,3
186.67,15,3
169.32,10,3
177.78,11,3
180.73,1,3
202.18,1,3
159.31,10,3
166.8,10,3
177.09,7,3
170.6,3,3
190.14,13,3
201.05,9,3
174.91,14,3
168.01,15,3
152.99,6,3
145.17,15,3
174.44,9,3
181.52,14,3
185.27,9,3
176.37,11,3
159.92,15,3
150.21,1,3
152.6,15,3
197.71,9,3
174.78,4,3
156.2,4,3
174.5,6,3
210.4,10,3
200.05,9,3
164.96,5,3
176.5,11,3
192.86,21,3
188.22,8,3
178.57,17,3
203.38,8,3
192.32,14,3
176.15,9,3
156.61,20,3
176.51,14,3
190.66,7,3
154.62,5,3
162.97,15,3
207.96,7,3
176.65,11,3
164.56,0,3
203.41,7,3
182.19,15,3
201.68,16,3
135.38,8,3
153.45,1,3
182.71,11,3
177.44,4,3
208.52,5,3
175.58,11,3
161.6,6,3
168.09,12,3
168.77,10,3
158.86,14,3
182.16,6,3
199.42,8,3
172.99,10,3
182.44,10,3
166.96,8,3
153.58,12,3
185.68,18,3
214.8,20,3
185.39,20,3
169.35,19,3
181.75,10,3
159.89,17,3
196.52,12,3
169.65,14,3
192.21,8,3
180.29,20,3
222.08,11,3
165.1,13,3
212.75,9,3
170.64,13,3
196.2,14,3
189.99,12,3
208.96,10,3
219.39,1,3
188.25,10,3
187.13,12,3
187.28,8,3
192.74,13,3
211.2,8,3
189.88,9,3
165.58,6,3
191.88,7,3
194.22,12,3
167.22,2,3
185.37,14,3
203.8,22,3
167.05,10,3
177.48,19,3
170.22,16,3
209.76,18,3
160.04,10,3
176.17,5,3
170.91,12,3
176.14,5,3
168.03,9,3
